<?xml version="1.0" encoding="UTF-8"?>
<project-private xmlns="http://www.netbeans.org/ns/project-private/1">
    <editor-bookmarks xmlns="http://www.netbeans.org/ns/editor-bookmarks/2" lastBookmarkId="0"/>
    <open-files xmlns="http://www.netbeans.org/ns/projectui-open-files/2">
        <group>
            <file>file:/C:/wamp/www/Pickup/main.js</file>
            <file>file:/C:/wamp/www/Pickup/db_connection.php</file>
            <file>file:/C:/wamp/www/Pickup/dashboard.php</file>
            <file>file:/C:/wamp/www/Pickup/pages/settings/parent/select_parent.php</file>
            <file>file:/C:/wamp/www/Pickup/error_pages/500.php</file>
            <file>file:/C:/wamp/www/Pickup/pages/child/select_child.php</file>
        </group>
    </open-files>
</project-private>
